{"train/loss": 0.7384145855903625, "_timestamp": 1688517992.742341, "_runtime": 1115.8824360370636, "_step": 5214, "test/loss": 0.86158287525177, "test/error_rate": 0.3368}